canton,form_of_address,first_name,last_name,designation,short_designation,institution,description
ZH,Dr.,Maria,Müller,Psychotherapeut,Psychotherapeut,Klinik am See,Spezialisiert auf Traumatherapie und kognitive Verhaltenstherapie
LU,Lic. Psych.,Roxana-Cristina,Petrus,Psychologin FSP - CBT-Schwerpunkt & ACT-Fokus,Psychologin,Birrenhüsli,Lizenzierte Psychologin - CBT-Schwerpunkt & ACT-Fokus
LU,Dipl. Psych.,Eveline,Baumgartner Meier,Psychologin FH,Psychologin,Oberhus 3,Stress- und Burnout-Prophylaxe; Coaching und Beratung in schwierigen Arbeits- und Lebenssituationen
LU,MSc.,Ursula,Rohrer Ottiger,eidg. anerkannte Psychotherapeutin,Psychologin,Dufourstrasse 12,Psychotherapie und psychologische Beratung für Erwachsene ab 16 Jahren. Gesprächstherapie - systemisch
LU,Dipl. Psych.,Rita,Müller,Psychotherapeutin SBAP,Psychologin,Löwenstrasse 6,Psychotherapie für Erwachsene - Paare - Familien. Psychologische Beratung ab 17 Jahren
LU,MSc.,Ivana,Komsic,Psychologin - MSc - FSP,Psychologin,Rösslimatte 50,Psychologische Beratung und Coaching bei persönlichen - psychischen und sozial bedingten Problemen
LU,,Barbara,Thaddey,Personalauswahl,Psychologin,Kleinrieden 28,Personalauswahl
LU,,Marie-Helen,Nussbaum,PsychotherapeutIn SBAP,Psychologin,Obergrundstrasse 28,Psychotherapie systemisch; Psychotherapie humanistisch (inkl. Körper-); Lerncoaching; Berufliche Wiedereingliederung
LU,,Lilo,Schwarz,,Psychologin,Löwenstrasse 6,Psychotherapie systemisch; Tätigkeitsfeld Diagnostik und Beratung; Ausbildungen/Trainings; Personalentwicklung
